,F1,F2,F3,Total_COS2,F1_contrib(%),F2_contrib(%),F3_contrib(%),Total_contrib(%)
INPUT_EXPENDITURE_R&D,0.7461754276677124,0.0015603104769990961,0.031146606702217465,0.778882344846929,19.218821249399376,0.1504589802906665,3.1274271204298425,22.496707350119884
INPUT_GOV_BUDGET_R&D,0.4509261645333575,0.020237833893368976,0.27088924635497447,0.742053244781701,11.614251865585585,1.9515115073408233,27.199957407335585,40.765720780261994
INPUT_HUMAN_R&D,0.6882156938153784,0.0024976087442902064,0.1116832207208932,0.8023965232805618,17.725984949425666,0.2408415955481495,11.214099074060826,29.180925619034642
INPUT_SECTORAL_R&D,0.20617474241202194,0.08584102103860007,0.0648978293146138,0.3569135927652358,5.310327000371508,8.27755288640858,6.516383418457594,20.104263305237684
OUTPUT_PATENTS,0.8127232199397328,0.001129742548856518,0.028030920906416304,0.8418838833950057,20.932855344861007,0.10893980037796583,2.8145814756478424,23.856376620886813
OUTPUT_TRADE_EXPORTS,0.6540442400726375,0.015631485778451346,0.018971478823602263,0.6886472046746911,16.845850014713886,1.5073265515573457,1.904923960251826,20.258100526523055
MACRO_GDP,0.016165394638671234,0.8771878399074166,0.0037396073925230608,0.8970928419386109,0.4163629871298492,84.58623450999154,0.37549353902182564,85.37809103614322
MACRO_EMPLOYMENT,0.30809953392151423,0.03294795511934198,0.4665589961926499,0.8076064852335061,7.935546588513132,3.177134168484925,46.84713400479466,57.959814761792714
